{"loss": [5.538543701171875, 4.512781620025635, 4.13582706451416, 3.9261085987091064, 3.7837798595428467, 3.668308973312378, 3.5741519927978516, 3.4989712238311768, 3.4289073944091797, 3.377877712249756], "accuracy": [0.054176297038793564, 0.1205412745475769, 0.17022104561328888, 0.2104274183511734, 0.23706857860088348, 0.2612079679965973, 0.28277885913848877, 0.30072495341300964, 0.31486836075782776, 0.32679906487464905], "val_loss": [4.855158805847168, 4.4262776374816895, 4.061698913574219, 4.225639820098877, 4.170169830322266, 4.022961616516113, 3.832855224609375, 3.785367965698242, 3.582895040512085, 3.636124849319458], "val_accuracy": [0.09164663404226303, 0.13371394574642181, 0.1820913404226303, 0.17548076808452606, 0.18870192766189575, 0.2137419879436493, 0.25210335850715637, 0.2537059187889099, 0.29547277092933655, 0.29497194290161133]}