{
    "loss": [
        5.523261070251465,
        4.5107102394104,
        4.160851001739502,
        3.9628474712371826,
        3.8162074089050293,
        3.6928930282592773,
        3.6005492210388184,
        3.5170836448669434,
        3.44912052154541,
        3.3901469707489014,
        3.340594530105591,
        3.298558473587036,
        3.2610092163085938,
        3.2286343574523926,
        3.199497699737549,
        3.171957015991211,
        3.1528635025024414,
        3.132052183151245,
        3.1138105392456055,
        3.095457077026367,
        3.078738212585449,
        3.0702154636383057,
        3.0583438873291016,
        3.0399200916290283,
        3.030250310897827,
        3.0166854858398438,
        3.0122079849243164
    ],
    "accuracy": [
        0.05435410887002945,
        0.11865103989839554,
        0.16543987393379211,
        0.20188800990581512,
        0.229985773563385,
        0.2549590766429901,
        0.2760963439941406,
        0.2944871783256531,
        0.30884185433387756,
        0.3234744668006897,
        0.3320361077785492,
        0.3432996869087219,
        0.35452988743782043,
        0.3622909486293793,
        0.36796167492866516,
        0.37614527344703674,
        0.38278332352638245,
        0.3875311315059662,
        0.3929460942745209,
        0.3956257700920105,
        0.40161892771720886,
        0.4032089412212372,
        0.4083014726638794,
        0.4116705358028412,
        0.4157734513282776,
        0.41934263706207275,
        0.42153307795524597
    ],
    "val_loss": [
        4.950906276702881,
        4.549712181091309,
        4.211297035217285,
        4.106067657470703,
        3.962702512741089,
        3.810551643371582,
        3.8148112297058105,
        3.696763753890991,
        3.701554536819458,
        3.5144145488739014,
        3.573230743408203,
        3.4672718048095703,
        3.4375669956207275,
        3.5947790145874023,
        3.780383348464966,
        3.679053783416748,
        3.456768274307251,
        3.465613842010498,
        3.405526638031006,
        3.3560447692871094,
        3.318162679672241,
        3.296626567840576,
        3.329010009765625,
        3.289616107940674,
        3.3362293243408203,
        3.3804328441619873,
        3.295839786529541
    ],
    "val_accuracy": [
        0.08794070780277252,
        0.12259615212678909,
        0.15985576808452606,
        0.1846955120563507,
        0.21264022588729858,
        0.23046875,
        0.24729567766189575,
        0.26612579822540283,
        0.2688301205635071,
        0.3068910241127014,
        0.29977965354919434,
        0.3138020932674408,
        0.32341745495796204,
        0.29477164149284363,
        0.2886618673801422,
        0.2957732379436493,
        0.3326322138309479,
        0.32712340354919434,
        0.3415464758872986,
        0.3509615361690521,
        0.36167868971824646,
        0.3680889308452606,
        0.3567708432674408,
        0.37249597907066345,
        0.3606770932674408,
        0.3641826808452606,
        0.37680289149284363
    ]
}