{
    "loss": [
        6.423171520233154,
        5.849184513092041,
        5.536611080169678,
        5.301692962646484,
        5.109130859375,
        4.935014724731445,
        4.7952351570129395,
        4.667036533355713,
        4.547241687774658,
        4.439915657043457,
        4.336953639984131,
        4.246385097503662,
        4.153637409210205,
        4.0715413093566895,
        3.9865050315856934,
        3.9160640239715576,
        3.845087766647339,
        3.7725720405578613,
        3.7099034786224365,
        3.647979497909546,
        3.470512866973877,
        3.4229838848114014,
        3.4004006385803223,
        3.389909505844116,
        3.375213384628296,
        3.3667638301849365,
        3.3513784408569336,
        3.3363611698150635,
        3.3261072635650635,
        3.320448398590088,
        3.3064210414886475,
        3.2978312969207764,
        3.29443097114563,
        3.2749388217926025,
        3.2701525688171387,
        3.253164052963257,
        3.243513345718384,
        3.2340598106384277,
        3.2268199920654297
    ],
    "accuracy": [
        0.022615130990743637,
        0.05593977868556976,
        0.08606120198965073,
        0.1133027896285057,
        0.13809821009635925,
        0.16050302982330322,
        0.18045054376125336,
        0.19888587296009064,
        0.2168097347021103,
        0.23319916427135468,
        0.25016677379608154,
        0.2649995684623718,
        0.27900952100753784,
        0.29205211997032166,
        0.30699607729911804,
        0.31813734769821167,
        0.32957881689071655,
        0.34223225712776184,
        0.3542185425758362,
        0.3632694482803345,
        0.3989264667034149,
        0.40776774287223816,
        0.4111034572124481,
        0.41029176115989685,
        0.4157956838607788,
        0.41730785369873047,
        0.4202544093132019,
        0.42475759983062744,
        0.42464640736579895,
        0.4256359934806824,
        0.42540252208709717,
        0.4289383590221405,
        0.4303838312625885,
        0.4320739209651947,
        0.4349648654460907,
        0.43612125515937805,
        0.44047990441322327,
        0.44105809926986694,
        0.4443715512752533
    ],
    "val_loss": [
        5.899672508239746,
        5.521993637084961,
        5.2755513191223145,
        5.086845397949219,
        4.942139625549316,
        4.784498691558838,
        4.668297290802002,
        4.583492755889893,
        4.524994850158691,
        4.358951091766357,
        4.458675861358643,
        4.226436138153076,
        4.1219072341918945,
        4.077320575714111,
        4.050397872924805,
        4.107701301574707,
        4.105193138122559,
        4.088824272155762,
        3.9313690662384033,
        3.8609161376953125,
        3.622563362121582,
        3.6000609397888184,
        3.6053032875061035,
        3.5898077487945557,
        3.588545560836792,
        3.580913543701172,
        3.5889618396759033,
        3.573748826980591,
        3.5839037895202637,
        3.5592217445373535,
        3.5788960456848145,
        3.5782928466796875,
        3.558812141418457,
        3.5666308403015137,
        3.5670740604400635,
        3.5576884746551514,
        3.570807933807373,
        3.5520989894866943,
        3.5581986904144287
    ],
    "val_accuracy": [
        0.05629006400704384,
        0.09695512801408768,
        0.11929086595773697,
        0.1447315663099289,
        0.1651642620563507,
        0.18699920177459717,
        0.19851763546466827,
        0.21103766560554504,
        0.22365784645080566,
        0.24599358439445496,
        0.23337340354919434,
        0.2645232379436493,
        0.2881610691547394,
        0.2955729067325592,
        0.3005809187889099,
        0.29136618971824646,
        0.2972756326198578,
        0.30258414149284363,
        0.3238181173801422,
        0.3337339758872986,
        0.3776041567325592,
        0.3776041567325592,
        0.37550079822540283,
        0.3826121687889099,
        0.3817107379436493,
        0.38070914149284363,
        0.37940704822540283,
        0.3860176205635071,
        0.37920671701431274,
        0.39052483439445496,
        0.38161057233810425,
        0.3824118673801422,
        0.3884214758872986,
        0.37880608439445496,
        0.3874198794364929,
        0.38551682233810425,
        0.3845152258872986,
        0.3874198794364929,
        0.3893229067325592
    ]
}