{
    "loss": [
        5.753386974334717,
        4.667407989501953,
        4.227935791015625,
        3.999025344848633,
        3.856397867202759,
        3.73526930809021,
        3.6437501907348633,
        3.5514512062072754,
        3.483870506286621,
        3.4199378490448,
        3.359919786453247,
        3.3120617866516113,
        3.270188570022583,
        3.2348690032958984,
        3.204890489578247,
        3.1694083213806152,
        3.15238618850708,
        3.1267805099487305,
        3.096961736679077,
        3.0854651927948,
        3.064892292022705,
        3.0524401664733887,
        3.03342866897583,
        3.0157463550567627,
        3.0081846714019775,
        2.9942643642425537,
        2.9832048416137695,
        2.977590560913086,
        2.968364953994751,
        2.95780086517334,
        2.9530460834503174,
        2.942274570465088,
        2.9359395503997803,
        2.9304299354553223,
        2.9221582412719727,
        2.916722059249878,
        2.9087867736816406,
        2.8992793560028076,
        2.8919241428375244,
        2.8842055797576904,
        2.8844540119171143,
        2.879275321960449,
        2.86767315864563,
        2.8645284175872803,
        2.862058401107788,
        2.860570192337036,
        2.8559939861297607,
        2.851588249206543,
        2.8463642597198486,
        2.841372013092041,
        2.521352529525757,
        2.3862013816833496,
        2.320718765258789,
        2.267686367034912,
        2.227217435836792,
        2.1904985904693604,
        2.161470413208008,
        2.1344552040100098,
        2.0986666679382324,
        2.0832982063293457,
        2.053821086883545,
        2.0298852920532227,
        2.013885974884033,
        1.9912524223327637,
        1.9708452224731445,
        1.9579930305480957,
        1.9352710247039795,
        1.9198179244995117,
        1.9023582935333252
    ],
    "accuracy": [
        0.07016803324222565,
        0.1446695476770401,
        0.19029086828231812,
        0.22403709590435028,
        0.2521904408931732,
        0.2780199348926544,
        0.29654422402381897,
        0.3145681321620941,
        0.32908958196640015,
        0.34248799085617065,
        0.3551191985607147,
        0.36682751774787903,
        0.37542253732681274,
        0.38253870606422424,
        0.3898438811302185,
        0.39724916219711304,
        0.40150773525238037,
        0.4077121615409851,
        0.41378313302993774,
        0.41645169258117676,
        0.42247819900512695,
        0.42402374744415283,
        0.4282156229019165,
        0.4344867467880249,
        0.43697741627693176,
        0.4408801794052124,
        0.4414806067943573,
        0.44299280643463135,
        0.4438823163509369,
        0.44576144218444824,
        0.4495863616466522,
        0.4507761001586914,
        0.45483455061912537,
        0.4550013244152069,
        0.4564356803894043,
        0.45879292488098145,
        0.4598492383956909,
        0.46423012018203735,
        0.46388542652130127,
        0.46688756346702576,
        0.46697190403938293,
        0.4669209122657776,
        0.4709237813949585,
        0.4716131389141083,
        0.47244706749916077,
        0.4725137948989868,
        0.4731253385543823,
        0.4764832854270935,
        0.4764832854270935,
        0.47824007272720337,
        0.5482085943222046,
        0.5743083953857422,
        0.582725465297699,
        0.5933775305747986,
        0.5982587337493896,
        0.6043742299079895,
        0.6062977910041809,
        0.6116126775741577,
        0.6179727911949158,
        0.6198408007621765,
        0.6237213015556335,
        0.6259673833847046,
        0.6301814913749695,
        0.6318826675415039,
        0.634106457233429,
        0.6357632279396057,
        0.6401663422584534,
        0.6410781145095825,
        0.6447807550430298
    ],
    "val_loss": [
        5.157174587249756,
        4.480275630950928,
        4.167985439300537,
        4.011036396026611,
        3.8135035037994385,
        3.79313588142395,
        3.717597723007202,
        3.751569986343384,
        3.610675811767578,
        3.456911563873291,
        3.4192891120910645,
        3.4352967739105225,
        3.519042491912842,
        3.412686824798584,
        3.3403379917144775,
        3.4537689685821533,
        3.312030076980591,
        3.2766146659851074,
        3.352370023727417,
        3.302962064743042,
        3.217947483062744,
        3.21158766746521,
        3.2271134853363037,
        3.1828672885894775,
        3.217569589614868,
        3.253408670425415,
        3.1953413486480713,
        3.2663774490356445,
        3.1866514682769775,
        3.1626384258270264,
        3.295292377471924,
        3.2057323455810547,
        3.129267454147339,
        3.1708226203918457,
        3.099590301513672,
        3.160254955291748,
        3.1380908489227295,
        3.10805344581604,
        3.1250457763671875,
        3.1266088485717773,
        3.1869430541992188,
        3.1226649284362793,
        3.0815184116363525,
        3.071796417236328,
        3.08384370803833,
        3.0962812900543213,
        3.1204206943511963,
        3.076655387878418,
        3.081454038619995,
        3.11436128616333,
        2.7075204849243164,
        2.6535446643829346,
        2.6212031841278076,
        2.6253902912139893,
        2.605332851409912,
        2.570176839828491,
        2.564849376678467,
        2.536174774169922,
        2.5432112216949463,
        2.5288634300231934,
        2.531393051147461,
        2.52333927154541,
        2.506927967071533,
        2.499021053314209,
        2.5036509037017822,
        2.4955973625183105,
        2.4890968799591064,
        2.4851837158203125,
        2.485684633255005
    ],
    "val_accuracy": [
        0.10196314007043839,
        0.1575520783662796,
        0.19501201808452606,
        0.2254607379436493,
        0.25600960850715637,
        0.26943108439445496,
        0.2844551205635071,
        0.28074920177459717,
        0.30518829822540283,
        0.3361378312110901,
        0.3487580120563507,
        0.34565305709838867,
        0.33233171701431274,
        0.3599759638309479,
        0.37289664149284363,
        0.35386618971824646,
        0.37710335850715637,
        0.38161057233810425,
        0.37099358439445496,
        0.38671875,
        0.39483171701431274,
        0.39853766560554504,
        0.3954326808452606,
        0.4045472741127014,
        0.3969351053237915,
        0.3938301205635071,
        0.40224358439445496,
        0.39553284645080566,
        0.4138621687889099,
        0.41616585850715637,
        0.39593347907066345,
        0.4073517620563507,
        0.41786858439445496,
        0.4131610691547394,
        0.43068909645080566,
        0.4170673191547394,
        0.42237579822540283,
        0.42738381028175354,
        0.4266826808452606,
        0.42528045177459717,
        0.4110576808452606,
        0.4250801205635071,
        0.4390023946762085,
        0.4368990361690521,
        0.43629807233810425,
        0.4348958432674408,
        0.42347756028175354,
        0.43549680709838867,
        0.43539664149284363,
        0.43199118971824646,
        0.5170272588729858,
        0.5244390964508057,
        0.5297476053237915,
        0.5300480723381042,
        0.5257411599159241,
        0.5369591116905212,
        0.5275440812110901,
        0.534254789352417,
        0.5393629670143127,
        0.5307492017745972,
        0.5364583134651184,
        0.5355569124221802,
        0.5331530570983887,
        0.5394631624221802,
        0.5295472741127014,
        0.5387620329856873,
        0.5396634340286255,
        0.5350561141967773,
        0.5385617017745972
    ]
}