{"loss": [7.018558025360107, 6.560511589050293, 6.398022651672363, 6.288845062255859, 6.194647312164307, 6.102046966552734, 6.015610218048096], "accuracy": [0.00894603505730629, 0.01631159894168377, 0.021637609228491783, 0.026563333347439766, 0.03361279144883156, 0.038783133029937744, 0.04609944671392441], "val_loss": [6.298181533813477, 6.168706893920898, 6.08170747756958, 6.000920295715332, 5.91035270690918, 5.82590389251709, 5.737766742706299], "val_accuracy": [0.026943108066916466, 0.04016426205635071, 0.049078524112701416, 0.054787661880254745, 0.06270032376050949, 0.07281650602817535, 0.0794270858168602]}