{
    "loss": [
        6.437921047210693,
        5.871182918548584,
        5.557254314422607,
        5.337284088134766,
        5.139029026031494,
        4.969055652618408,
        4.826364994049072,
        4.684678077697754,
        4.564918518066406,
        4.4598493576049805
    ],
    "accuracy": [
        0.021248221397399902,
        0.05412738025188446,
        0.08355942368507385,
        0.10901085287332535,
        0.13336150348186493,
        0.15725627541542053,
        0.17548033595085144,
        0.19681774079799652,
        0.21354073286056519,
        0.2306862622499466
    ],
    "val_loss": [
        5.952076435089111,
        5.539441108703613,
        5.373714923858643,
        5.139822483062744,
        4.901248931884766,
        4.827713489532471,
        4.693382263183594,
        4.618741989135742,
        4.5704026222229,
        4.431117534637451
    ],
    "val_accuracy": [
        0.05518830195069313,
        0.0924479141831398,
        0.1106770858168602,
        0.13211138546466827,
        0.16746795177459717,
        0.17357772588729858,
        0.20002003014087677,
        0.20653045177459717,
        0.21304085850715637,
        0.23838141560554504
    ]
}