{"loss": [6.423171520233154, 5.849184513092041, 5.536611080169678, 5.301692962646484, 5.109130859375, 4.935014724731445, 4.7952351570129395, 4.667036533355713, 4.547241687774658, 4.439915657043457, 4.336953639984131, 4.246385097503662, 4.153637409210205, 4.0715413093566895, 3.9865050315856934, 3.9160640239715576, 3.845087766647339, 3.7725720405578613, 3.7099034786224365, 3.647979497909546, 3.5867860317230225, 3.5312705039978027, 3.474900960922241, 3.416062116622925, 3.364288568496704, 3.3125545978546143, 3.2608959674835205, 3.2190113067626953, 3.173210620880127, 3.1228842735290527, 3.0825538635253906, 3.0374741554260254, 2.994666337966919, 2.9554595947265625, 2.9171481132507324, 2.875873327255249, 2.8401436805725098, 2.803398370742798, 2.764181137084961, 2.7235255241394043], "accuracy": [0.022615130990743637, 0.05593977868556976, 0.08606120198965073, 0.1133027896285057, 0.13809821009635925, 0.16050302982330322, 0.18045054376125336, 0.19888587296009064, 0.2168097347021103, 0.23319916427135468, 0.25016677379608154, 0.2649995684623718, 0.27900952100753784, 0.29205211997032166, 0.30699607729911804, 0.31813734769821167, 0.32957881689071655, 0.34223225712776184, 0.3542185425758362, 0.3632694482803345, 0.3741438388824463, 0.3826165199279785, 0.39374667406082153, 0.4023638963699341, 0.4108366072177887, 0.41945382952690125, 0.43033936619758606, 0.4366327226161957, 0.4453500211238861, 0.45420077443122864, 0.4603940546512604, 0.4680550694465637, 0.47519347071647644, 0.4838329553604126, 0.48930349946022034, 0.49871018528938293, 0.5038360357284546, 0.5118973255157471, 0.5184019804000854, 0.5248398780822754], "val_loss": [5.899672508239746, 5.521993637084961, 5.2755513191223145, 5.086845397949219, 4.942139625549316, 4.784498691558838, 4.668297290802002, 4.583492755889893, 4.524994850158691, 4.358951091766357, 4.458675861358643, 4.226436138153076, 4.1219072341918945, 4.077320575714111, 4.050397872924805, 4.107701301574707, 4.105193138122559, 4.088824272155762, 3.9313690662384033, 3.8609161376953125, 3.8259010314941406, 3.8852155208587646, 3.7957794666290283, 3.8855578899383545, 3.790534496307373, 3.726393938064575, 3.7570652961730957, 3.7258594036102295, 3.6512157917022705, 3.6549272537231445, 3.589730978012085, 3.618034839630127, 3.643721342086792, 3.6694793701171875, 3.566375255584717, 3.618452787399292, 3.711214542388916, 3.576585531234741, 3.480412006378174, 3.5276458263397217], "val_accuracy": [0.05629006400704384, 0.09695512801408768, 0.11929086595773697, 0.1447315663099289, 0.1651642620563507, 0.18699920177459717, 0.19851763546466827, 0.21103766560554504, 0.22365784645080566, 0.24599358439445496, 0.23337340354919434, 0.2645232379436493, 0.2881610691547394, 0.2955729067325592, 0.3005809187889099, 0.29136618971824646, 0.2972756326198578, 0.30258414149284363, 0.3238181173801422, 0.3337339758872986, 0.3374398946762085, 0.3264222741127014, 0.34014421701431274, 0.33713942766189575, 0.3480568826198578, 0.35727164149284363, 0.3561698794364929, 0.36298078298568726, 0.36768829822540283, 0.3704927861690521, 0.3822115361690521, 0.3824118673801422, 0.37900641560554504, 0.37319710850715637, 0.38271233439445496, 0.3796073794364929, 0.37109375, 0.38120993971824646, 0.3993389308452606, 0.39202722907066345]}