{
    "loss": [
        2.3001251220703125,
        1.9259424209594727,
        1.7334986925125122,
        1.5970808267593384,
        1.4943046569824219,
        1.4090019464492798,
        1.329842209815979,
        1.261141300201416,
        1.1998355388641357,
        1.1539220809936523,
        1.1079219579696655,
        1.0749250650405884,
        1.0362175703048706,
        1.0093868970870972,
        0.9835851788520813,
        0.951656699180603,
        0.9321815371513367,
        0.907818615436554,
        0.8878051042556763,
        0.8711516857147217,
        0.8530933856964111,
        0.8364344835281372,
        0.8217109441757202,
        0.8069043755531311,
        0.7923832535743713,
        0.7781053185462952,
        0.7648608684539795,
        0.749672532081604,
        0.7398411631584167,
        0.7251642942428589,
        0.7145634889602661,
        0.7060080766677856,
        0.6932299137115479,
        0.6889503002166748,
        0.6709395051002502,
        0.6625986695289612,
        0.6589552164077759,
        0.647513747215271,
        0.6380171775817871,
        0.6309382319450378,
        0.628696084022522,
        0.6152305603027344,
        0.6084779500961304,
        0.6041183471679688,
        0.592799723148346,
        0.5815249681472778,
        0.5807396769523621,
        0.5743047595024109,
        0.5649967789649963,
        0.5577642321586609,
        0.5539364814758301,
        0.5488052368164062
    ],
    "accuracy": [
        0.35677334666252136,
        0.49015480279922485,
        0.561637818813324,
        0.6109640598297119,
        0.6442492604255676,
        0.6749077439308167,
        0.7034608721733093,
        0.7265399694442749,
        0.7488570809364319,
        0.7634945511817932,
        0.7782122492790222,
        0.7876564264297485,
        0.8001684546470642,
        0.8076876997947693,
        0.8161092400550842,
        0.8238691091537476,
        0.8303055763244629,
        0.8368623852729797,
        0.8428577184677124,
        0.8468278646469116,
        0.8519209027290344,
        0.854507565498352,
        0.8589789867401123,
        0.8629491329193115,
        0.8664180040359497,
        0.8690848350524902,
        0.8749598860740662,
        0.8784688711166382,
        0.8798725008964539,
        0.8840832710266113,
        0.8848451972007751,
        0.8885145783424377,
        0.890579879283905,
        0.8903793692588806,
        0.8963145613670349,
        0.898139238357544,
        0.8976178765296936,
        0.9013875722885132,
        0.9028512835502625,
        0.9040744304656982,
        0.9035330414772034,
        0.9078240394592285,
        0.9099093675613403,
        0.9105309844017029,
        0.9130173325538635,
        0.9156640768051147,
        0.916365921497345,
        0.9152831435203552,
        0.9193535447120667,
        0.9214789867401123,
        0.9214188456535339,
        0.9211782217025757
    ],
    "val_loss": [
        2.1056690216064453,
        1.842255711555481,
        1.7459735870361328,
        1.5659043788909912,
        1.5273607969284058,
        1.4008251428604126,
        1.3643040657043457,
        1.2693390846252441,
        1.2737361192703247,
        1.2728919982910156,
        1.1408030986785889,
        1.2927933931350708,
        1.0805060863494873,
        1.0747170448303223,
        1.0788137912750244,
        1.2251536846160889,
        0.99581378698349,
        1.085142970085144,
        1.01832914352417,
        0.9777331352233887,
        1.032977819442749,
        0.9457515478134155,
        0.9620689749717712,
        0.9770199060440063,
        0.9581321477890015,
        0.9687305688858032,
        0.8299435377120972,
        0.8589584231376648,
        0.9006422758102417,
        0.8345628976821899,
        0.8895805478096008,
        0.826159656047821,
        0.835768461227417,
        0.8290159106254578,
        0.8206185698509216,
        0.942922055721283,
        0.8046201467514038,
        0.8155462145805359,
        0.7835773229598999,
        0.9395904541015625,
        0.906922459602356,
        0.766139030456543,
        0.9053675532341003,
        1.0099204778671265,
        0.8217790722846985,
        0.7394305467605591,
        0.8005474209785461,
        0.7763597369194031,
        0.7700563669204712,
        0.8017169237136841,
        0.8417314291000366,
        0.7672991156578064
    ],
    "val_accuracy": [
        0.42160001397132874,
        0.5105000138282776,
        0.5529000163078308,
        0.6301000118255615,
        0.6322000026702881,
        0.6796000003814697,
        0.6948000192642212,
        0.7229999899864197,
        0.7202000021934509,
        0.7242000102996826,
        0.7688000202178955,
        0.7200000286102295,
        0.7838000059127808,
        0.7842000126838684,
        0.7832000255584717,
        0.7441999912261963,
        0.8061000108718872,
        0.7850000262260437,
        0.8041999936103821,
        0.8075000047683716,
        0.7915999889373779,
        0.819599986076355,
        0.8176000118255615,
        0.8116000294685364,
        0.8151999711990356,
        0.8144999742507935,
        0.8529999852180481,
        0.840399980545044,
        0.8255000114440918,
        0.8496000170707703,
        0.8338000178337097,
        0.8521999716758728,
        0.8458999991416931,
        0.8464999794960022,
        0.8525000214576721,
        0.8158000111579895,
        0.8478000164031982,
        0.8485999703407288,
        0.8572999835014343,
        0.814300000667572,
        0.8141999840736389,
        0.8636999726295471,
        0.8281000256538391,
        0.7990999817848206,
        0.842199981212616,
        0.8701000213623047,
        0.8496999740600586,
        0.8574000000953674,
        0.855400025844574,
        0.8468000292778015,
        0.8384000062942505,
        0.8561999797821045
    ]
}