{
    "loss": [
        5.280045986175537,
        4.577419757843018,
        4.287112712860107,
        4.1149678230285645,
        4.005752086639404,
        3.937439441680908,
        3.8929624557495117,
        3.8571698665618896,
        3.828644037246704,
        3.8099443912506104,
        3.7945961952209473,
        3.7778913974761963,
        3.7605714797973633,
        3.759002923965454,
        3.7377827167510986,
        3.7315123081207275,
        3.725484609603882,
        3.720842123031616,
        3.7140634059906006,
        3.7086730003356934,
        3.7110180854797363,
        3.695864677429199,
        3.695923089981079,
        3.6987485885620117,
        3.6874172687530518,
        3.0765247344970703,
        2.8188796043395996,
        2.6869184970855713,
        2.589350461959839,
        2.50626540184021,
        2.4440019130706787,
        2.3816025257110596,
        2.3329360485076904,
        2.287919282913208,
        2.2497029304504395,
        2.2126853466033936,
        2.1880545616149902,
        2.16086745262146,
        2.140918731689453,
        2.1178627014160156
    ],
    "accuracy": [
        0.05273159593343735,
        0.12183108180761337,
        0.16647394001483917,
        0.1993195116519928,
        0.2246597558259964,
        0.24329523742198944,
        0.2599181532859802,
        0.27332770824432373,
        0.284758061170578,
        0.2923189699649811,
        0.30300435423851013,
        0.30918651819229126,
        0.3183930814266205,
        0.3241972029209137,
        0.33135786652565,
        0.33667275309562683,
        0.34319961071014404,
        0.34660202264785767,
        0.3519614040851593,
        0.3553526997566223,
        0.35902196168899536,
        0.36372530460357666,
        0.3665273189544678,
        0.3701965808868408,
        0.37423279881477356,
        0.4966660737991333,
        0.537359893321991,
        0.5518035292625427,
        0.5641900897026062,
        0.5744195580482483,
        0.578400194644928,
        0.5872287154197693,
        0.5914983749389648,
        0.5979140996932983,
        0.6035180687904358,
        0.6073763370513916,
        0.6098336577415466,
        0.6133472919464111,
        0.6175280213356018,
        0.6205635070800781
    ],
    "val_loss": [
        4.939969062805176,
        4.615324974060059,
        4.4086995124816895,
        4.312572956085205,
        4.162818908691406,
        4.34493350982666,
        4.135891437530518,
        4.097432613372803,
        4.144640922546387,
        4.449402332305908,
        4.259161949157715,
        4.03048849105835,
        4.160058975219727,
        4.041159152984619,
        4.065249443054199,
        4.19950532913208,
        3.935088634490967,
        4.101717472076416,
        4.119825839996338,
        4.164484977722168,
        3.972194194793701,
        3.910507917404175,
        3.9830522537231445,
        3.840184211730957,
        4.04775333404541,
        3.122380256652832,
        3.0462610721588135,
        3.048330783843994,
        2.8812620639801025,
        2.954741954803467,
        2.912829637527466,
        2.844939708709717,
        2.747816324234009,
        2.802960157394409,
        2.7992911338806152,
        2.830500364303589,
        2.7610738277435303,
        2.8274800777435303,
        2.8132917881011963,
        2.798759698867798
    ],
    "val_accuracy": [
        0.08293269574642181,
        0.12399839609861374,
        0.15274439752101898,
        0.1731770783662796,
        0.20873397588729858,
        0.18870192766189575,
        0.2239583283662796,
        0.2358774095773697,
        0.23617789149284363,
        0.20362579822540283,
        0.23377403616905212,
        0.2717347741127014,
        0.2593148946762085,
        0.28024840354919434,
        0.28265222907066345,
        0.2600160241127014,
        0.31330129504203796,
        0.2944711446762085,
        0.2957732379436493,
        0.2901642620563507,
        0.31951120495796204,
        0.32992789149284363,
        0.32261618971824646,
        0.34865784645080566,
        0.31560495495796204,
        0.4789663553237915,
        0.48597756028175354,
        0.47265625,
        0.49749597907066345,
        0.47946715354919434,
        0.48317307233810425,
        0.4928886294364929,
        0.5053085088729858,
        0.49659454822540283,
        0.49609375,
        0.4873798191547394,
        0.4992988705635071,
        0.4899839758872986,
        0.49018430709838867,
        0.49188703298568726
    ]
}