{
    "loss": [
        5.280045986175537,
        4.577419757843018,
        4.287112712860107,
        4.1149678230285645,
        4.005752086639404,
        3.937439441680908,
        3.8929624557495117,
        3.8571698665618896,
        3.828644037246704,
        3.8099443912506104,
        3.7945961952209473,
        3.7778913974761963,
        3.7605714797973633,
        3.759002923965454,
        3.7377827167510986,
        3.7315123081207275,
        3.725484609603882,
        3.720842123031616,
        3.7140634059906006,
        3.7086730003356934,
        3.7110180854797363,
        3.695864677429199,
        3.695923089981079,
        3.6987485885620117,
        3.6874172687530518,
        3.6878461837768555,
        3.688297748565674,
        3.6800148487091064,
        3.675849437713623,
        3.675276756286621
    ],
    "accuracy": [
        0.05273159593343735,
        0.12183108180761337,
        0.16647394001483917,
        0.1993195116519928,
        0.2246597558259964,
        0.24329523742198944,
        0.2599181532859802,
        0.27332770824432373,
        0.284758061170578,
        0.2923189699649811,
        0.30300435423851013,
        0.30918651819229126,
        0.3183930814266205,
        0.3241972029209137,
        0.33135786652565,
        0.33667275309562683,
        0.34319961071014404,
        0.34660202264785767,
        0.3519614040851593,
        0.3553526997566223,
        0.35902196168899536,
        0.36372530460357666,
        0.3665273189544678,
        0.3701965808868408,
        0.37423279881477356,
        0.37522226572036743,
        0.3768012821674347,
        0.379836767911911,
        0.3824830949306488,
        0.38534069061279297
    ],
    "val_loss": [
        4.939969062805176,
        4.615324974060059,
        4.4086995124816895,
        4.312572956085205,
        4.162818908691406,
        4.34493350982666,
        4.135891437530518,
        4.097432613372803,
        4.144640922546387,
        4.449402332305908,
        4.259161949157715,
        4.03048849105835,
        4.160058975219727,
        4.041159152984619,
        4.065249443054199,
        4.19950532913208,
        3.935088634490967,
        4.101717472076416,
        4.119825839996338,
        4.164484977722168,
        3.972194194793701,
        3.910507917404175,
        3.9830522537231445,
        3.840184211730957,
        4.04775333404541,
        4.356581211090088,
        4.379796028137207,
        3.958002805709839,
        3.933690309524536,
        4.069597244262695
    ],
    "val_accuracy": [
        0.08293269574642181,
        0.12399839609861374,
        0.15274439752101898,
        0.1731770783662796,
        0.20873397588729858,
        0.18870192766189575,
        0.2239583283662796,
        0.2358774095773697,
        0.23617789149284363,
        0.20362579822540283,
        0.23377403616905212,
        0.2717347741127014,
        0.2593148946762085,
        0.28024840354919434,
        0.28265222907066345,
        0.2600160241127014,
        0.31330129504203796,
        0.2944711446762085,
        0.2957732379436493,
        0.2901642620563507,
        0.31951120495796204,
        0.32992789149284363,
        0.32261618971824646,
        0.34865784645080566,
        0.31560495495796204,
        0.2689302861690521,
        0.27734375,
        0.3402443826198578,
        0.34665465354919434,
        0.3190104067325592
    ]
}