{"R": 122.67378988413533, "G": 116.64308198805244, "B": 103.99041610018776}