{
    "loss": [
        2.126426935195923,
        1.581825852394104,
        1.3107479810714722,
        1.1408170461654663,
        1.0360087156295776,
        0.9612633585929871,
        0.8969320058822632,
        0.851029634475708,
        0.8143119812011719,
        0.7740429043769836,
        0.7488321661949158,
        0.7298688292503357,
        0.7004951238632202,
        0.6828621029853821,
        0.6732231378555298,
        0.6575085520744324,
        0.6501626968383789,
        0.6372829675674438,
        0.6332022547721863,
        0.6200915575027466,
        0.6112377643585205,
        0.6007843613624573,
        0.6027443408966064,
        0.5895329713821411,
        0.5872620940208435,
        0.5900560617446899,
        0.5783842206001282,
        0.5811830759048462,
        0.5768544673919678,
        0.5749055743217468,
        0.5656289458274841,
        0.56253582239151,
        0.5630754828453064,
        0.5600964426994324,
        0.5608323216438293,
        0.5562307834625244,
        0.5540490746498108,
        0.5511004328727722,
        0.5554128885269165,
        0.5533074736595154,
        0.5463169813156128,
        0.5438982248306274,
        0.5446245074272156,
        0.5472850203514099,
        0.5427678823471069,
        0.5369158983230591,
        0.5362026691436768,
        0.5369019508361816,
        0.5339277386665344,
        0.5354525446891785,
        0.5354042053222656,
        0.5340810418128967,
        0.5281141400337219,
        0.5345538854598999,
        0.5271990895271301,
        0.5305266380310059,
        0.5274072289466858,
        0.5280378460884094,
        0.5259484052658081,
        0.530569314956665,
        0.5246146321296692,
        0.5238484740257263,
        0.5235496759414673,
        0.5256737470626831,
        0.521668553352356,
        0.524152398109436,
        0.5218725800514221,
        0.517573356628418,
        0.5208836197853088,
        0.5202804207801819,
        0.5157107710838318,
        0.5190154314041138,
        0.5189802050590515,
        0.510280430316925,
        0.5160945653915405,
        0.5109063982963562,
        0.5105971097946167,
        0.5129891037940979,
        0.5156726837158203,
        0.5041687488555908,
        0.5077863335609436,
        0.5119950175285339,
        0.5079201459884644,
        0.5113069415092468,
        0.5114335417747498
    ],
    "accuracy": [
        0.4001443684101105,
        0.5958854556083679,
        0.6889035701751709,
        0.7430822849273682,
        0.7722970843315125,
        0.7943535447120667,
        0.8102943301200867,
        0.8224855661392212,
        0.8309672474861145,
        0.8415744304656982,
        0.8473893404006958,
        0.8507579565048218,
        0.8589789867401123,
        0.8634504079818726,
        0.8625280857086182,
        0.8709095120429993,
        0.8705486059188843,
        0.8743383288383484,
        0.875822126865387,
        0.8786894679069519,
        0.8825793862342834,
        0.8864092230796814,
        0.8850858211517334,
        0.8887752890586853,
        0.8887351751327515,
        0.8877927660942078,
        0.8930060863494873,
        0.8932467103004456,
        0.8943094611167908,
        0.8959335684776306,
        0.8993222713470459,
        0.8993222713470459,
        0.8974975943565369,
        0.9000841975212097,
        0.9003449082374573,
        0.9034127593040466,
        0.9036734104156494,
        0.9045155644416809,
        0.9031921625137329,
        0.9055983424186707,
        0.9077237844467163,
        0.907202422618866,
        0.9074230194091797,
        0.9072425365447998,
        0.9084055423736572,
        0.9111325144767761,
        0.9126564264297485,
        0.9105108976364136,
        0.9116337895393372,
        0.9114733934402466,
        0.9124158024787903,
        0.9129772186279297,
        0.9162656664848328,
        0.9132980704307556,
        0.9160250425338745,
        0.9135386347770691,
        0.9153031706809998,
        0.9157242774963379,
        0.9160851836204529,
        0.9155237674713135,
        0.917087733745575,
        0.9177093505859375,
        0.9182507395744324,
        0.9172682166099548,
        0.9195540547370911,
        0.9196944236755371,
        0.9185113906860352,
        0.920957624912262,
        0.9197946786880493,
        0.9194939136505127,
        0.9217396378517151,
        0.9210578799247742,
        0.9202558398246765,
        0.9240054488182068,
        0.92155921459198,
        0.923383891582489,
        0.9246270656585693,
        0.9217997789382935,
        0.9228625297546387,
        0.9253087639808655,
        0.925569474697113,
        0.9231632947921753,
        0.9249077439308167,
        0.9245268106460571,
        0.9245869517326355
    ],
    "val_loss": [
        1.8234388828277588,
        1.6455209255218506,
        1.4128549098968506,
        1.246875286102295,
        1.0731992721557617,
        1.0929107666015625,
        1.0097540616989136,
        1.018559455871582,
        0.96307772397995,
        0.8645743131637573,
        0.885323703289032,
        0.8416122794151306,
        0.8570718765258789,
        0.7626803517341614,
        0.7785250544548035,
        0.7838987708091736,
        0.8860701322555542,
        0.8159683346748352,
        0.7678905129432678,
        0.7658995985984802,
        0.8221156001091003,
        0.7368433475494385,
        0.7052076458930969,
        0.7094634175300598,
        0.813113272190094,
        0.7121599316596985,
        0.8054829239845276,
        0.7352228760719299,
        0.6902261972427368,
        0.7445144057273865,
        0.6905037760734558,
        0.717551589012146,
        0.8195357322692871,
        0.7420322299003601,
        0.7044464349746704,
        0.7192368507385254,
        0.7436552047729492,
        0.6380447149276733,
        0.7850305438041687,
        0.6921813488006592,
        0.7095829248428345,
        0.7233583331108093,
        0.7322579622268677,
        0.7192386984825134,
        0.7615125179290771,
        0.6698291301727295,
        0.6397325396537781,
        0.7506436705589294,
        0.716101348400116,
        0.7684231400489807,
        0.7053155303001404,
        0.7003893852233887,
        0.7403097152709961,
        0.6647740602493286,
        0.7252271771430969,
        0.6741355061531067,
        0.6623206734657288,
        0.7709357142448425,
        0.7099447250366211,
        0.6555814743041992,
        0.8116013407707214,
        0.6700946092605591,
        0.6552687883377075,
        0.7427797317504883,
        0.6998806595802307,
        0.8055664896965027,
        0.7320760488510132,
        0.7093955278396606,
        0.7311084270477295,
        0.638283371925354,
        0.6459919810295105,
        0.6747612953186035,
        0.6596471071243286,
        0.7930481433868408,
        0.6683021187782288,
        0.6510791778564453,
        0.6563670635223389,
        0.6875565648078918,
        0.6597327589988708,
        0.6861669421195984,
        0.7363043427467346,
        0.6589393615722656,
        0.7520171403884888,
        0.6625745892524719,
        0.7303938269615173
    ],